{"cameraMode":{"drawMode":0,"name":"Shaded","section":"Shading Mode"},"sceneLighting":true,"audioPlay":false,"sceneViewState":{"m_AlwaysRefresh":false,"showFog":true,"showSkybox":true,"showFlares":true,"showImageEffects":true,"showParticleSystems":true,"showVisualEffectGraphs":true,"m_FxEnabled":true},"in2DMode":false,"pivot":{"x":23.54776382446289,"y":28.623695373535158,"z":104.54501342773438},"rotation":{"x":0.0003367666795384139,"y":0.9936746954917908,"z":-0.11226237565279007,"w":0.0029809416737407448},"size":11.05771541595459,"orthographic":false}